Feature,Importance
V,0.5520577509320441
C,0.41361007231135205
mutation_rate,0.010427457196698395
learning_rate,0.010264660402687904
population_size,0.0035570012219840303
iterations,0.003518913967765616
environment_volatility,0.0034536267559015224
initial_hawk,0.003110517211566546
