Feature,Importance
V,0.5207796403590179
C,0.3918827389232505
initial_hawk,0.006567120494373665
initial_dove,0.006578451225253805
iterations,0.011802498842346692
learning_rate,0.019636650685297574
mutation_rate,0.018250970258071576
environment_volatility,0.011834036345322676
population_size,0.012667892867065565
