Feature,Importance
V,0.5533824223243767
C,0.4146357218517192
mutation_rate,0.010148582310543417
learning_rate,0.00958390744379161
iterations,0.0032464601819258677
environment_volatility,0.0030940052891965664
population_size,0.0030915821764940826
initial_hawk,0.0028173184219525537
