Feature,Importance
V,0.5295317602251363
C,0.46946976949477304
initial_hawk,0.0002394565057667828
initial_dove,0.00026111288448278625
iterations,0.00025842624228922164
population_size,0.00023947464755207855
