Feature,Importance
V,0.5546551918190213
C,0.41551600688437856
mutation_rate,0.009621687915798639
learning_rate,0.009299148285195723
environment_volatility,0.002983565203576493
population_size,0.0028740115501234243
iterations,0.002636598162018664
initial_hawk,0.0024137901798873523
