neighbors,CV_R2_mean,CV_R2_std
1,0.6235120975892638,0.020109412548133115
3,0.7634197102798422,0.0069162165592623484
5,0.7940359239442971,0.003345039431977309
7,0.8055264963781046,0.004606229561505493
9,0.8112244969405804,0.004280531043858416
11,0.81515034262686,0.004220967708920321
15,0.8177098515340475,0.00557306380073357
21,0.815881181461777,0.004276062735341485
31,0.8099314809768678,0.0027099456932607206
