neighbors,CV_R2_mean,CV_R2_std
1,0.6051199286214075,0.017497378178287948
3,0.7570061504804773,0.004488864585974107
5,0.7858378749686656,0.00301142725150286
7,0.8013816148650891,0.00468151366173956
9,0.8076529241803616,0.00431930628267612
11,0.8084585744257463,0.00593330232142123
15,0.8099542163296878,0.005090009823101345
21,0.8077959946140846,0.0041532241695753135
31,0.8020538938113237,0.0023172272435662156
