model,Val_MAE,Val_MSE,Val_RMSE,Val_R2
Baseline Dummy Regressor,0.2503559908048837,0.08216803713903054,0.2866496766770033,-0.0018533645341345384
Ridge Regression (alpha=0.0001),0.09707262133399651,0.015487921623232415,0.12445047859784394,0.8111598265196257
KNN Regression (k=5),0.09375698744415703,0.01593435354731868,0.12623134930483265,0.8057165989489768
Random Forest Regression,0.07206513068503659,0.00907457671292306,0.09526057270940093,0.8893560619419181
