model,alpha,log10_alpha,Val_MAE,Val_MSE,Val_RMSE,Val_R2,is_best
Ridge Regression,0.0001,-4.0,0.09707262133399651,0.015487921623232415,0.12445047859784394,0.8111598265196257,True
Ridge Regression,0.001,-3.0,0.09707262179471646,0.015487921929295089,0.12445047982750042,0.8111598227878836,False
Ridge Regression,0.01,-2.0,0.09707262640190827,0.015487924990038789,0.12445049212453436,0.811159785469037,False
Ridge Regression,0.1,-1.0,0.09707267247305011,0.01548795560916992,0.12445061514178996,0.8111594121379875,False
Ridge Regression,1.0,0.0,0.0970731414532052,0.0154882629695483,0.12445185000452304,0.8111556645733635,False
Ridge Regression,10.0,1.0,0.09707883944480349,0.015491453133802508,0.12446466620612658,0.8111167677358245,False
Ridge Regression,100.0,2.0,0.09717106276569147,0.015534672072207613,0.12463816458937292,0.8105898105349425,False
